total_games,100000
state,p1_win_prob
000000001,0.4999999999999978
000000021,0.5145726998903755
000000121,0.4997625757155996
000002121,0.5700362039579651
000012121,0.63601268082107
000212121,0.7155999538617702
001212121,1
000000100,0.5000000000000056
000000102,0.5256759140313929
000000112,0.4741645285723145
000002112,0.43888251524288713
000012112,0.3675459453125
002012112,0
000000201,0.5056117131753511
000000211,0.4971886279717655
000002211,0.9967476503424106
000012211,0.9975421694939112
000212211,0.998227580227973
010212211,1
000002001,0.6122101278977699
000002011,0.99643603954462
000022011,0.9970397353898329
000022111,1
020000001,0.5021015171103468
020000011,0.5000012336242544
020000211,0.5000004060068455
020001211,0.4947750059989404
020021211,0.6324540546875002
021021211,1
000020001,0.49999999999999833
000020011,0.4999999999999989
000020211,0.49999999999999944
000021211,0.13869478656091702
002021211,0
000020101,0.49883636293293665
000020121,0.4993103867843944
000021121,0.475
020021121,0
000021001,0.4999999999999989
000021021,0.820757038795729
001021021,1
000200001,0.5070960994071789
000200011,0.4980975121375583
000200211,0.4903903400907612
001200211,0.45125
201200211,0
000201211,0.45125
200201211,0
010200001,0.499937507421875
010200021,0.50000015625
010200121,0.5000016886252738
010202121,0.5000625
010212121,0.50125
012212121,0.5487500000000001
112212121,1
010200201,0.49643437500000004
010200211,0.45125
210200211,0
000202011,0.9968839319892978
000202111,1
000200101,0.5117779059131132
000200121,0.5262163865797598
010220121,0.5
010221121,0.5
012221121,0.5
112221121,0.5
000202101,0.5713125000000001
002000001,0.6666437440716163
002000011,0.9961186450242252
002000211,0.9965800561773261
002001211,0.3151247048623047
002000101,0.5629062691029663
002000121,0.5951298968357445
002100121,0.49990531693642903
002102121,0.5713125000000001
102102121,1
002120121,0.5487500000000001
102120121,1
002002101,0.6131095312500001
002012101,0.5011875
002012121,0.7155999538617702
102012121,1
102000001,0.5203641383204548
102000021,0.5487500000000001
102010021,1
102000201,0.5487500000000001
102010201,1
200000001,0.5012693672855942
200000011,0.49922628013411063
200000211,0.498692851121048
200001211,0.475
200000101,0.5012932155347621
200000121,0.5006570051851307
200001121,0.50043765439463
200021121,0.525
201021121,1
200002101,0.5713125000000001
200002111,1
000120121,0.45125
020120121,0
000001021,0.5027771588807285
000001221,0.5713125000000001
001001221,1
000120211,0.11296777049628291
002120211,0
020100211,0.49916627738281244
020102211,0.5000891359477038
020112211,0.5000000000002687
022112211,0.9250548729755922
122112211,1
000001201,0.5189156154439234
000201201,0.5713125000000001
001201201,1
000021201,0.8297191868559426
001021201,1
002001201,0.5377090716008102
002011201,0.5878107681999798
002011221,0.6682897843554689
002111221,1
102002001,0.5487500000000001
102012001,1
020002011,0.9968839319892978
020002111,1
020001201,0.5487500000000001
021001201,1
000221001,0.8870322295037172
001221001,1
000201021,0.5487500000000001
001201021,1
000220101,0.5487500000000001
000220111,1
200020101,0.5927468750000001
200020111,1
020020011,0.8013928407708909
020020111,1
200001201,0.5487500000000001
201001201,1
002021001,0.49999999999999944
012021001,0.06425607828255167
012021201,0
200001021,0.525
200201121,0.525
201201121,1
002200101,0.6131095312500001
002200111,1
200200101,0.6508313519531251
200200111,1
002002011,0.9968839319892978
002002111,1
020200011,0.6848752951376955
020200111,1
002021011,0.08304169199380369
100000021,0.5003406582001952
100000221,0.5487500000000001
100010221,1
000000010,0.5000000000000056
000000012,0.5000000001588571
000001012,0.4999645662282005
000001212,0.500240625
000011212,0.50588125
000211212,0.7155999538617702
010211212,1
002001021,0.5026154535409264
002001121,0.4990593734375
022001121,0.49202889843750003
022011121,0.45125
222011121,0
102020001,0.5387007123413594
102020011,0.407253125
102020211,0
020200101,0.5487500000000001
202000101,0.6131095312500001
202001101,0.475
222001101,0
100002001,0.500757684765625
100002021,0.525
100012021,1
200002011,0.9968839319892978
022000011,0.9967199284097872
022000111,1
002021101,0.5
002021121,0.5
002121121,0.04487241596542546
022121121,0
220000011,0.6324540546875002
220000111,1
002101021,0.49990589023437504
002101221,0.525
102020101,0.5805539596595153
102020121,0.7433289583602476
012021121,0.5
002121021,0.48977546875
102121021,0.4286875
102121221,0
002211201,0.6508313519531251
102211201,1
202000111,1
000210001,0.501611730378427
000210021,0.525
100210021,1
020201211,0.5487500000000001
021201211,1
002012211,0.998227580227973
012012211,1
102022101,0.6848752951376955
102022111,1
020001021,0.525
021001021,1
000001000,0.4999999999999978
000001020,0.5017231654444604
201001021,1
022011201,0.6508313519531251
022111201,1
102200001,0.5487500000000001
102210001,1
100020001,0.49856502511507106
102220101,0.6848752951376955
102220111,1
220000101,0.525
001020121,0.45125
021020121,0
210221121,0.5927468750000001
211221121,1
020012211,0.998227580227973
120012211,1
010000000,0.49999999999999667
010000002,0.5021768739408038
010000012,0.48118276464084825
010000212,0.5487500000000001
010010212,1
100000000,0.5000000000000011
102000000,0.5090720053392016
122020101,0.6682897843554689
122020111,1
000001002,0.5000294559180202
000021012,0.4999999999914014
000021112,2.738661785941945e-26
200021112,0
102021121,0.04723412206886891
122021121,0
202011201,0.6508313519531251
212011201,0.475
212211201,0
000120001,0.49918360352838825
000120021,0.49946223320214655
000121021,0.4286875
020121021,0
001000000,0.49999999999999833
001000002,0.5089002305820928
001000012,0.5000000000381072
001000212,0.5008113926704616
001010212,0.5000000000000011
001012212,0.7683543849201235
011012212,1
001020211,0.5
001022211,0.5
001122211,0.5
021122211,0.5
121122211,0.5
200021001,0.8540054878306138
201021001,1
001210212,0.8297191868559426
011210212,1
022001211,0.47112809454221427
022011211,0.3317102156445313
222011211,0
010020211,0.17028081314405755
012020211,0
010020001,0.4990068712740604
010020021,0.5001309771393248
010020121,0.5000007823252806
010022121,0.500160898828125
010122121,0.5010181328125
012122121,0.6324540546875002
112122121,1
212021121,0.5
212121121,0.5
010022001,0.4991376161610587
010022011,0.4286875
010222011,0
100000002,0.5166669510672802
100000012,0.4997133007642322
100000212,0.500157929053846
100001212,0.4999375
100021212,0.5000827734098686
100121212,0.407253125
102121212,0
010022101,0.407253125
010222101,0
001020001,0.4987649177425884
001020021,0.5713125000000001
001020201,0.525
001022001,0.4992148509779504
001022011,0.3151247048623047
001222011,0
001022101,0.475
001222101,0
001122001,0.4998901070586897
001122021,0.5000079704188901
001122121,0.45125
021122121,0
011022001,0.4286875
011222001,0
101022001,0.475
101222001,0
200012211,0.9981342949768136
210012211,1
022101211,0.38689046875
022121211,0
012121021,0.4286875
012121221,0
122001211,0.38689046875
122021211,0
011122021,0.500522650419024
011122221,0.6131095312500001
111122221,1
211122021,0.5
211122121,0.5
000001102,0.49989461218417974
000001122,0.500059375
100001122,0.501128125
100021122,0.525
100121122,1
100020021,0.4986513511879943
100020121,0.45125
120020121,0
000100000,0.49999999999999667
000100002,0.5017754930017833
000100012,0.49442261945993
000100212,0.5002378046875
000101212,0.4999375
000121212,0.49875
001121212,0.22006333432588285
201121212,0
020021001,0.8870322295037172
021021001,1
202111201,1
001120021,0.475
021120021,0
120000211,0.4998893652020857
120002211,0.5713125000000001
100022001,0.49857555224029976
100022011,0.4286875
100222011,0
001212211,0.38689046875
201212211,0
100021021,0.475
102021021,0.49411875
112021021,0.4286875
112021221,0
101022201,0.5713125000000001
111022201,1
120020211,0.4998391964231914
120021211,0.4286875
001000020,0.5131601816095834
001000021,0.5406052176943218
001000221,0.5713125000000001
000100102,0.5044621062290962
000100122,0.5927468750000001
100100122,1
110022001,0.475
110222001,0
000000210,0.5000000002733473
000001210,0.49995252196040396
000021210,0.5007863725911436
000121210,0.29936846961918945
020121210,0.49917072446088867
020121211,0.475
100000102,0.5569367326299776
100000122,0.5927468750000001
202121121,0.5
010120021,0.49996400995439116
010120221,0.502045240732422
010121221,0.475
100022101,0.475
100222101,0
100120021,0.4286875
120120021,0
002121210,0
011120221,0.5173032335937501
211120221,0.5927468750000001
211121221,1
001000200,0.5152116676962819
001000201,0.5
001002201,0.5
011002201,0.50125
011002221,0.525
111002221,1
010122001,0.4995098934713517
010122021,0.5001128125
210122121,0.5
022021101,0.9250548729755922
022021111,1
010000020,0.5013003395297833
010000120,0.49999984375
010000122,0.50005953125
010001122,0.4999375
010021122,0.5017431098203124
010121122,0.45125
210121122,0
000100020,0.5099342642581799
000100021,0.49989189298828124
100000020,0.5089774625844208
100000200,0.5134730764587582
100000201,0.5001855298207823
100002201,0.525
100012201,1
100002000,0.510048235439519
100122001,0.49969644239316535
100122201,0.499652082630538
100122211,0.38689046875
102122211,0
122000001,0.5713125000000001
122010001,1
100020000,0.5000000000000022
100020010,0.5000000000000033
100020012,0.5002664463048997
100020112,0.5000000000000011
100022112,0.9999999999999989
100122112,1
100220112,0.5
100221112,0.5
102221112,0.5
112221112,0.5
000100120,0.5528777903158864
000102120,0.5927468750000001
100102120,1
100200000,0.502609863087671
100200001,0.49999473492350494
100200021,0.525
120000000,0.5138505551587981
120000001,0.49982699590412905
120000021,0.5487500000000001
120010021,1
100020210,0.5002647267969553
100020211,0.15367843386251193
120000201,0.525
120010201,1
100020100,0.49898857926810747
100020102,0.5927468750000001
100120102,1
101122201,0.5007110001153455
121122201,0.5
120021021,0
000010210,0.5000000001772521
000010212,0.976965100506524
100021210,0.45125
102021210,0
100020120,0.5487500000000001
100120120,1
100002102,0.5927468750000001
100002112,0.407253125
102002112,0
100020201,0.5027972404665881
100021201,0.45125
102021201,0
100200201,0.5487500000000001
100210201,1
000102102,0.5487500000000001
100102102,1
101002000,0.5302992400692258
101002002,0.5713125000000001
111002002,1
000002010,0.9960195225552265
101002020,0.5713125000000001
111002020,1
101020021,0.45125
121020021,0
100120201,0.1251720448712276
102120201,0
110020021,0.5026165740364943
110020221,0.525
111020221,1
110000020,0.5022803480867798
110000022,0.5713125000000001
111000022,1
100022100,0.525
100122100,1
100202001,0.5713125000000001
100212001,1
120001000,0.50000609375
120001002,0.500121875
120001012,0.5
120001212,0.5
120011212,0.5
120211212,0.5
121211212,0.5
120002001,0.525
120012001,1
101020201,0.5195004020649389
101020221,0.5927468750000001
101021221,1
000000120,0.5234539849609808
000120120,0.6131095312500001
101002200,0.5713125000000001
101012200,0.50125
101012202,0.6131095312500001
111012202,1
110000220,0.5487500000000001
111000220,1
101220201,0.5713125000000001
101221201,1
100200102,0.5913099745664189
100200112,0.49981875
100202112,0.4975625
100212112,0.4286875
120212112,0.5487500000000001
121212112,1
121020201,0.7006315303808107
121021201,1
121020211,0.5
121220211,0.7909398323904114
121221211,1
101000200,0.542401776847954
101000202,0.5713125000000001
111000202,1
101000220,0.5713125000000001
111002200,1
110002020,0.5487500000000001
101020200,0.5927468750000001
111020200,1
101200200,0.5713125000000001
111200200,1
102212112,0
110020020,0.8540054878306138
111020020,1
121000200,0.5708454768995812
121000201,0.6293750617638906
121000221,0.7006315303808107
121001221,1
100220100,0.4991193658828743
100220101,0.407253125
100220001,0.4993844590616492
100220011,0.13869478656091702
120020001,0.49853374781301363
120020011,0.4993702811216462
120120211,0.4286875
122120211,0
100201102,0.5
100201122,0.5
100211122,0.5
102211122,0.5
112211122,0.5
101022000,0.5713125000000001
111022000,1
100220110,0.03472142009361689
100222110,0
100221001,0.4998743357875352
100221021,0.525
101221021,1
120120001,0.475
121002201,0.7006315303808107
121012201,1
100221100,0.49942343046577264
100221102,0.50021434375
120020101,0.45125
110200020,0.5487500000000001
111200020,1
121200201,0.6848752951376955
121201201,1
000012210,0.7561625104422353
010012210,1
100221201,0.525
010002010,0.49861863792815353
010002012,0.5487500000000001
010012012,1
122021101,0.45125
120021001,0.475
110200102,0.5011608766395532
110200122,0.525
111200122,1
110000002,0.5012333202061034
110000202,0.525
110201122,0.5
110221122,0.6508313519531251
111221122,1
202021101,0.8810865573723339
202021111,1
102221001,0.49981263718243907
102221011,0.0523369773616276
102221211,0
110202102,0.525
111202102,1
102000102,0.5927468750000001
102100102,1
101002210,0.5015362329362038
101002212,0.5487500000000001
111002212,1
000100200,0.5006387313408409
000100201,0.49988109375
000100221,0.5000625
000101221,0.50125
000121221,0.525
001121221,1
102221101,0.5
102221121,0.5
112000020,0.5014202359548159
112000021,0.5016116947640487
112000221,0.5487500000000001
112010221,1
121020001,0.45125
120000102,0.5927468750000001
120100102,1
122221101,0.5487500000000001
122221111,1
121022211,0.5
101220100,0.4286875
101222100,0
101202000,0.5713125000000001
111202000,1
110221102,0.5010181328125
112221102,0.5
000021102,0.4995375801523438
000121102,0.475
200121102,0
100221120,0.49974485723536205
100221121,0.475
120221121,0
110220100,0.4286875
110222100,0
102020100,0.525
102120100,1
101221120,0.45125
121221120,0
110221120,0.5
112221120,0.5
000011002,0.5000000000000033
000011022,0.7298199561686817
001011022,0.475
001011222,0
000102000,0.501193114953759
000102001,0.5000011792300079
000102021,0.5000625
000102121,0.50125
000122121,0.525
100021000,0.4995473866317472
100021002,0.500119203125
100021012,0.4999999999991627
101021212,0.5000575872487338
101221212,0.9702307224472353
111221212,1
100120000,0.4999999999999978
100120002,0.6508313519531251
100120020,0.8013928407708909
100010200,0.5013048825884279
100010202,0.5006776748741086
100010212,0.500242385626406
100210212,0.5713125000000001
110210212,1
000111022,1
100120210,0.2316456150798767
102120210,0
001002000,0.5092101350631447
121002000,0.5569989859914856
121002001,0.49915787778710935
121002021,0.525
121012021,1
100120200,0.49999999999999833
100121200,0.19860715922910926
100121202,0.49411875
101121202,0.29936846961918945
101121222,0
102121200,0
101120200,0.4999999999999989
101120202,0.7799366656741173
111120202,1
101120220,0.8382332275131454
111120220,1
101122200,0.8748279551287725
111122200,1
000001200,0.5050594066120817
110220102,0.5713125000000001
111220102,1
121120200,0.49999999999999944
121120201,0.08741230736189863
121120221,0
112002021,0.5713125000000001
112012021,1
121120210,0.5
121120212,0.5
121121212,0.5
100122000,0.7433289583602476
001020000,0.4999999999999989
001020010,0.49999999999999944
021020010,0.5321430654672892
021020011,0.5771137908458817
021020211,0.9211103926058866
102120000,0.7155999538617702
120220011,0.5487500000000001
120220111,1
112200102,0.4991270783798828
112200112,0.475
112202112,0
120022011,0.5713125000000001
120022111,1
120120000,0.8297191868559426
120120100,1
121100200,0.49999999984327936
121100202,0.5
121100212,0.5
121102212,0.5
121112212,0.5
120000010,0.5000012239921696
120000012,0.500056424107285
120000112,0.5000001572949077
120002112,0.7433289583602476
120102112,1
120000210,0.5000000000048106
120002010,0.5019039681064453
120002011,0.5132280230468751
120202011,0.5713125000000001
120202111,1
120020010,0.6133098137008642
120020110,0.7374175326767314
120020112,0.9999999999999989
120120112,1
120200010,0.500240625
120200011,0.503625
122200011,0.525
122200111,1
120200211,0.5713125000000001
120210211,1
122000010,0.5000625
122000011,0.502378125
122000211,0.525
122010211,1
120000100,0.5401601972353425
120000120,0.5713125000000001
120100120,1
120002100,0.5713125000000001
120102100,1
120020100,0.5713125000000001
120200100,0.5666241035474835
120200101,0.620864779386523
120200121,0.7006315303808107
120210121,1
122000100,0.5713125000000001
122100100,1
120202101,0.6848752951376955
000010000,0.5000000000000056
000010002,0.5000000000000044
000011202,0.8748279551287725
000111202,1
120200001,0.525
120201001,0.5024375
120201021,0.525
120211021,1
120210001,1
112201102,0.5
112201122,0.5
112000120,0.50125
112000122,0.525
112010122,0.1792429612042711
112012122,0
110220001,0.45125
121022001,0.4891246745898438
121022011,0.38689046875
121222011,0
120201100,0.49988692033203125
120201102,0.50005640625
120211102,0.501128125
120211122,0.5927468750000001
121211122,1
000021000,0.49999999999999833
001021000,0.4989585578463567
001021002,0.49954045862888613
001021012,0.2566710416397526
201021012,0
112020021,0.5004207242477726
112020121,0.5003294001180822
112022121,0.5927468750000001
101122210,0.5001121810399136
101122212,0.8980465871271048
111122212,1
101200102,0.6584534161448456
101200122,0.7298199561686817
101210122,1
120220101,0.7006315303808107
122221011,0.7433289583602476
120221001,0.5487500000000001
121221001,1
100122121,1
101220001,0.475
000002100,0.5213895682155877
000002101,0.5427462070181781
000022101,0.5713125000000001
122200101,0.7006315303808107
000020100,0.5000000000000044
000120100,0.4989070782226875
000120102,0.5487500000000001
101120002,0.5024375
101120022,0.525
101120122,1
100200010,0.49978506574730946
100200012,0.500000296875
100201012,0.500002679296875
100201212,0.5003911436160868
100211212,0.5007110001153455
102211212,0.9250548729755922
112211212,1
100200100,0.49974112586056113
100200210,0.5027940786176512
100200211,0.47034226093101783
100202211,0.5927468750000001
100212211,1
100202010,0.5014520106292479
100202011,0.407253125
100221012,0.5001583870052108
100201000,0.5000011834017399
100201002,0.5000002749804687
100201020,0.5000625
100201021,0.50125
100201221,0.525
100211221,1
100201200,0.5000625
100201201,0.50125
102201201,0.525
100221000,0.5000000389578924
100221010,0.5000000000000011
101221012,0.5
121221012,0.5
121221112,0.5
102221010,0.5
102221110,0.5
120201012,0.5
120211012,0.5
120201000,0.500121875
120211000,0.5012528203125001
120211002,0.5001128125
122211102,0.5
122211112,0.5
120201201,0.525
120211201,1
112220121,0.5
010000200,0.5009134803794002
010000201,0.49982171875
010201201,0.475
210201201,0
100210000,0.5047485163913764
100210002,0.5163042961602953
100210012,0.500610213718747
100212012,0.5713125000000001
110212012,1
100221210,0.5934851617230421
100221211,0.3151247048623047
101202112,0.475
101222112,0
110200000,0.5
110200002,0.5487500000000001
111200002,1
100210020,0.5713125000000001
110210020,0.5024375
110210022,0.6324540546875002
111210022,1
001020012,0.5001987791824116
001020112,2.7540775425564616e-25
201020112,0
100210200,0.525
100212000,0.5487500000000001
102210000,0.5487500000000001
120210000,0.525
102210012,0.5713125000000001
112210012,1
120210012,0.5
120210112,0.5
122210112,0.5
102211012,0.5
122211012,0.5
000120000,0.4999999999999972
112200021,0.5487500000000001
112210021,1
002100000,0.5003224561177916
002100001,0.4999453965039063
002100021,0.5001662421874999
022100121,0.5487500000000001
122100121,1
112220101,0.061043274368424084
112222101,0
000122100,0.5713125000000001
121022101,0.407253125
121022121,0
001020100,0.49915664492329304
001020102,0.5451699010494492
001021102,0.45125
001221102,0.49989294279451724
001221112,0.08304169199380369
201221112,0
101220102,0.7298199561686817
101202102,0.7298199561686817
101212102,1
100001002,0.49994303523437505
100021102,0.502113965234375
102021102,0.525
102121102,1
121200102,0.7155999538617702
121210102,1
100010002,0.5000000000000033
100010022,0.5494214077112599
100011022,0.475
100011222,0
120200110,0.50000296875
120200112,0.5000000301844028
120201112,0.5
120221112,0.5
100210102,0.5004975653234668
100212102,0.5713125000000001
010210201,0.45125
210210201,0
100100002,0.5
100100022,0.5
110100022,0.475
110100222,0
202100121,0.49942029696719004
202101121,0.475
222101121,0
000211002,0.5000000000000022
000211012,0.5000000000000011
002211012,0.7433289583602476
012211012,1
120210100,0.5024375
120210102,0.6131095312500001
000010020,0.5079035724766291
000010021,0.5011915890185075
000010221,0.525
121122001,0.45125
121122021,0
101020210,0.5001451252280698
101020212,0.5713125000000001
111020212,1
121001200,0.5
121001202,0.5
121001212,0.5
121021212,0.5
121121200,0.11296777049628291
121121220,0
121122210,0.5
101022210,0.5713125000000001
111022210,1
101020000,0.4993648160067471
101020002,0.525
111020002,1
000200100,0.532470212828548
101020020,0.5927468750000001
101220000,0.525
111220000,1
121020000,0.4994545658697014
121020010,0.4995096924993693
121020012,0.5000312866146407
121020112,0.5000000000000011
121022112,0.932362022860472
121122112,1
121220112,0.5
110002000,0.5003088303630789
110002002,0.5487500000000001
121020210,0.5
121200112,0.5000000033714085
121202112,0.8613052134390831
121100221,0.45125
100001020,0.5000028203125
100001022,0.50005640625
121022010,0.4998756996787662
121022110,0.407253125
121222110,0
121122010,0.5
121122012,0.8013928407708909
002100201,0.4975625
002100211,0.2566710416397526
121020100,0.475
121020120,0
121021000,0.45125
121021020,0
121120000,0.45125
121120020,0
002000100,0.5366191299015124
101220210,0.5713125000000001
111220210,1
110000200,0.5021071052333985
110002200,0.525
120021102,0.5713125000000001
120121102,1
001200000,0.5089916489425749
001200001,0.530788725358898
001220001,0.5713125000000001
001220011,0.08741230736189863
100021020,0.5000755022769358
100121020,0.475
120121020,0
121220010,0.4975625
121220011,0.475
001200021,0.5713125000000001
000020010,0.5000000000000044
000020110,0.5000000000000033
000020112,0.5000000000000022
110020200,0.868239952767129
021000000,0.5580940719971499
021000001,0.5021645513290448
021000021,0.5927468750000001
100021120,0.475
120021120,0
120121000,0.475
120121002,0.5713125000000001
101021020,0.45125
201000000,0.5095432400384086
201000001,0.5017021971592285
201000021,0.5713125000000001
110120200,0.2566710416397526
112120200,0
110020000,0.4999999999999978
110020002,0.8613052134390831
110022000,0.8748279551287725
110220000,0.8013928407708909
112020000,0.49999999999999833
112020001,0.09201295511778804
112020201,0
112020010,0.0003804299890559176
112020210,0
112020100,0.4999999999999989
112020102,0.8748279551287725
112120102,1
112020120,0.8748279551287725
112120120,1
112022100,0.8926806180285314
112122100,1
112220100,0.49999999999999944
112220110,0.061043274368424084
112222110,0
112221100,0.5
010002000,0.5008330653176946
010002210,0.525
110021020,0.5012488798246391
110021022,0.525
111021022,1
110120220,0.5713125000000001
112120000,0.11296777049628291
110022021,0.525
111022021,1
000021010,0.4999999999852925
002100010,0.491229752442369
002100012,0.46980595804293507
102100012,0.4286875
102102012,0
000021100,0.49897389307840795
112021000,0.16176677248685467
112021200,0
002100112,0.4286875
002102112,0
112021020,0.5004000127346468
112021120,0.5004965178980728
112021122,0.6324540546875002
112121122,1
110220021,0.525
111220021,1
110221020,0.5487500000000001
111221020,1
010020000,0.4999999999999972
002100100,0.4999602264546489
002100102,0.5487500000000001
000200010,0.9949435319602677
000200110,0.5045782420054454
000200112,0.514461358331127
000201112,0.49993650183136384
000221112,0.499950626132617
010221112,0.16176677248685467
210221112,0
010200000,0.5018072983417968
010200010,0.49750508994504716
010200012,0.5713125000000001
010210012,1
011220121,0.475
011222121,0
101122221,0.525
110021220,0.5487500000000001
111021220,1
102010102,0.06763797713952807
102012102,0
020000100,0.516508125998335
001120012,0.475
201120012,0
010200210,0.525
010210210,1
100021221,0.5487500000000001
122201101,0.50125
122201121,0.525
122211121,1
020100000,0.5010859850103734
020100001,0.4999375
020100021,0.49875
020100121,0.475
011020012,0.3675459453125
211020012,0
001000102,0.5202993828290469
001000122,0.5487500000000001
001010122,1
002000010,0.9955556387534373
002000110,0.49956670548467297
002000112,0.4993391197003585
002001112,0.49991787516987657
002021112,0.49999999999997463
002121112,0.17028081314405755
202121112,0
000121000,0.4954626143619132
000121002,0.49889635937500004
000121012,0.19860715922910926
200121012,0
001002102,0.5713125000000001
001012102,1
200010000,0.5017840780619296
200010001,0.49994046875
200010021,0.5000817803701505
200010121,0.5004481074030107
200012121,0.7155999538617702
201012121,1
002001010,0.4986750486575776
002001012,0.5000005964785725
012001012,0.49818521353629575
012001212,0.525
012011212,1
012000000,0.501178025724032
012000001,0.49994297040550006
012000021,0.5001151664315793
000010200,0.501634244553594
000210210,0.9959729325708516
000211210,0.45125
200211210,0
100002100,0.5
100002120,0.525
100012120,0.5
100012122,0.6848752951376955
110012122,0.38689046875
010021000,0.49933300253163465
010021002,0.4993654296875
010021012,0.2566710416397526
210021012,0
200000100,0.6807841650561405
202001121,0.4994773495809761
202011121,0.4286875
020002101,0.5713125000000001
002020101,0.6131095312500001
002020111,1
002100120,0.5927468750000001
102100120,1
002120100,0.525
022000101,0.5927468750000001
020012121,0.7155999538617702
021012121,1
212001121,0.5
020100120,0.5927468750000001
020120100,0.5487500000000001
202110121,0.407253125
222110121,0
212100121,0.5
212102121,0.5
212112121,0.5
200100120,0.5738364659396045
200100121,0.4998900078125
200120100,0.49899908214614286
210120100,0.475
210120102,0
100000120,0.5011875
000010120,0.5012109666132535
000210120,0.6324540546875002
001210120,1
001002021,0.5699845001093736
001002121,0.49981875
001022121,0.4975625
011022121,0.475
200120101,0.4993977330938166
200120121,0.49973142866880216
200121121,0.4286875
220121121,0
000012000,0.6174850467348446
000012001,0.6471966780945154
000012021,0.6848752951376955
210000000,0.5008653893014784
210000001,0.499937507421875
210000021,0.50000015625
210000121,0.500003125
210002121,0.5000625
210102121,0.5
002010112,0.2316456150798767
010000102,0.5000029765625
010010122,0.5000000000000011
010012122,0.820757038795729
011012122,1
200101120,0.4986477393095703
200101122,0.525
200111122,1
200120110,0.1251720448712276
200120112,0
200121100,0.45125
012201012,0.525
200121120,0.487843695703125
201121120,0.45125
201121122,0
020101000,0.5011290308305072
020101002,0.525
020111002,1
001210000,0.49992232167926437
001210002,0.7006315303808107
001210102,1
201120100,0.407253125
201120102,0
000210121,0.5759129884339106
002210121,0.7683543849201235
102210121,1
210121120,0.407253125
201120121,0.4286875
221120121,0
020210121,0.6682897843554689
021210121,1
020100100,0.5018576482773437
020100102,0.525
200210121,0.6508313519531251
201210121,1
000022110,0.9999999999999989
200010100,0.5002178700540528
200010102,0.7561625104422353
201010102,1
000210000,0.7324636129132017
101212012,0.50125
101212212,0.525
111212212,1
210120121,0.5
020000010,0.5000014805154164
001200121,0.50125
001202121,0.525
012120100,0.5021998437499999
012120102,0.525
201021102,0
000220110,0.9999999999999989
210012121,0.5010181328125
210212121,0.525
211212121,1
002020110,0.9999999999999989
100002121,0.5
100022121,0.525
200110120,0.6314660830661245
200110122,0.7155999538617702
210000201,0.49875
210000211,0.475
012000112,0.475
012020112,0.00023149331204082966
012021112,0.00014355662688271813
212021112,0
212120121,0.5
002102100,0.525
102102100,1
022100100,0.525
001200100,0.5007808038058789
001200102,0.5713125000000001
020020110,0.9999999999999989
000010122,0.7683543849201235
210100120,0.4999375
210100122,0.49875
210101122,0.475
200112120,0.7155999538617702
201112120,1
201000100,0.5228840048206879
201000102,0.6131095312500001
201100102,0.45125
202100100,0.49669531898640495
202100101,0.45125
222100101,0
202110120,0.7006315303808107
202111120,1
220110120,0.7006315303808107
220111120,1
202010121,0.5
212010121,0.5
212012121,0.5
202100110,0.45125
222100110,0
200020110,0.9999999999999989
020102100,0.525
202101100,0.475
222101100,0
210010000,0.5010884203024145
210010002,0.8013928407708909
211010002,0.528339415107748
211010022,0.5927468750000001
211010122,1
202110100,0.475
222110100,0
210000010,0.49017651614292235
210000012,0.5713125000000001
210010012,1
212100100,0.4946229250970192
212100102,0.47549627969498637
212100112,0.4286875
212102112,0
212101102,0.4286875
212121102,0
212110102,0.4286875
212112102,0
022101121,0.45125
212120100,0.5
212120101,0.5
122001121,0.475
002010121,0.5001449777766251
022010121,0.5487500000000001
122010121,1
001200201,0.5713125000000001
212210121,0.5
212211121,0.5
200000010,0.994781033255193
210000210,0.525
210010210,1
012000201,0.49875
012000211,0.34916864804687503
212102100,0.5
212102110,0.475
200100000,0.5018470826642794
200100001,0.4999447861328932
200100021,0.50018125
200101021,0.5024375
220101021,0.525
220111021,1
012000010,0.3134997456760151
012000012,0.5487500000000001
012010012,1
102000121,0.6611894780896433
102002121,0.7433289583602476
102200121,0.7298199561686817
012000100,0.49966663796777344
012000102,0.4977354156054688
012002112,0
122000121,0.7298199561686817
200101221,0.525
200111221,1
012001102,0.499892687109375
012001122,0.5
012011122,0.5
012211122,0.5
200121021,0.5487500000000001
201121021,1
021000201,0.525
120021000,0.5
120021010,0.499949093359375
120021012,0.5
120021112,0.5
200010120,0.5713125000000001
201010120,1
101022121,0.475
101222121,0
000012120,0.525
001012120,1
200012100,0.525
201012100,1
120212101,1
200210100,0.6324540546875002
201210100,1
202010100,0.5000358361641761
202011100,0.475
222011100,0
002121001,0.1251720448712276
002121201,0
202010101,0.407253125
222010101,0
202010110,0.407253125
222010110,0
212010100,0.5015182984549287
212010102,0.525
212011102,0.50125
212011122,0.8297191868559426
212111122,1
212010112,1
212010120,0.5004634373931136
112000000,0.499999125996617
002010000,0.5025502774326752
002010001,0.5011106051073873
002010021,0.525
012010021,0.5016379888994261
012010221,0.5713125000000001
212201121,0.5
200000110,0.9953553767925664
200000112,0.9958002374178891
200001112,0.3675459453125
201000201,0.525
200001100,0.500003125
200001102,0.5000625
200011102,0.50125
200011122,0.525
010020010,0.0005158495154467101
010020012,0.43889865207740214
010020112,3.362358221243784e-26
210020112,0
212011120,0.5
212211120,0.5
201000120,0.5487500000000001
201002100,0.5487500000000001
201020100,0.5453461032041782
201020101,0.5972989015621806
201020121,0.6682897843554689
001012021,0.6278743616397943
001012221,0.7155999538617702
101012221,1
201200100,0.5487500000000001
201200110,0.5024375
201200112,0.525
201210112,1
221000100,0.5487500000000001
221010100,1
201022101,0.6682897843554689
201022111,1
201220101,0.6682897843554689
201220111,1
201021100,0.475
221020101,0.6508313519531251
221020111,1
110220112,1.2626740523592256e-36
110222112,0
020010000,0.5835991628037338
020010001,0.5021466290361297
020010021,0.525
010020100,0.4997922743451035
010020102,0.5019443671885533
010021102,0.475
210021102,0
010202101,0.475
010120102,0.45125
120022110,0.8113231987323464
220100100,0.50049146953125
221100100,0.5034498437499999
221100102,0.525
221110102,1
020112121,0.50125
022112121,0.525
122112121,1
000120112,5.334964490824328e-26
002120110,0.6679680927257262
002120112,0.8810865573723339
102120112,1
102020112,0.9999999999999989
102000010,0.499720113929394
102000012,0.49991171881492935
102000112,0.45125
012120112,0.00014355662688271813
012122112,0
101220112,6.123277871392607e-38
010022100,0.5002564784572215
010022110,0.10195341287289533
010222110,0
000021120,0.49919698290226633
000121120,0.45125
020121120,0
011020102,0.4286875
211020102,0
001120000,0.4987541691684666
001120002,0.500121875
101122002,0.525
101122102,1
012000210,0.525
012010210,1
001120102,0.4286875
001021120,0.475
021021120,0
110021002,0.5021998437499999
110021202,0.525
110121202,0.475
110121222,0
200010010,0.49928491370827416
200210010,0.9959729325708516
210210010,1
010122100,0.5024900089213843
010122102,0.5487500000000001
110122102,1
010120012,0.3675459453125
210120012,0
110020012,0.37781593082234777
110020212,0.5487500000000001
001120020,0.5001679664607422
001121020,0.475
021121020,0
010120000,0.4993103481093008
010120002,0.5005226298488366
001120120,0.475
021120120,0
011020000,0.4999999175210921
011020002,0.6848752951376955
011020020,0.6131095312500001
101020102,0.6009495991274305
101020122,0.6848752951376955
001212021,0.7155999538617702
001202001,0.5559201571192607
001202011,0.4286875
021002001,0.5014561762774364
021002011,0.5010417094341979
021002211,0.5000000160510184
121002211,0.5
002101201,0.475
101022102,0.6848752951376955
101002021,0.50125
101002221,0.525
121020102,0.6848752951376955
121120102,1
021012021,0.7155999538617702
121002010,0.49994208859623
011020200,0.6682897843554689
001202101,0.475
021012211,0.5000000015619439
021212211,0.7561625104422353
121212211,1
201012021,0.7155999538617702
201112021,0.5
201112221,0.5
211112221,0.5
001212001,0.624664079024334
001212201,0.7155999538617702
101212201,1
021020001,0.525
110022012,0.5487500000000001
111022012,1
021000102,0.5487500000000001
021010102,1
000100210,0.4999132703555293
000110212,0.503625
000112212,0.5487500000000001
010112212,1
011002021,0.50125
011022021,0.525
101202001,0.475
011022000,0.7006315303808107
121002100,0.6099150972154743
121002102,0.6848752951376955
121012102,1
021212001,0.7155999538617702
021212101,1
001200120,0.5487500000000001
201020110,0.19860715922910926
021200001,0.5713125000000001
021201001,1
001002010,0.49991784289083874
001002012,0.5165812746404296
001002112,0.4036527825241504
001022112,0.24166732330509968
001122112,0.13176004723287116
201122112,0
121002120,0.6848752951376955
121012120,1
001202100,0.5487500000000001
001212100,1
011220000,0.7683543849201235
000012201,0.6848752951376955
121022100,0.7006315303808107
221000001,0.525
221001001,1
021112021,0.5011875
021112221,0.525
121112221,1
001220100,0.499140736265139
001220101,0.475
121122100,1
211020000,0.499999975059936
211020001,0.49999999470334733
211020021,0.7155999538617702
211021021,1
001220110,0.03298534908893604
001222110,0
002010120,0.5001339948039346
000102210,0.5
000102211,0.5
000122211,0.5
001002100,0.50125
001002120,0.525
121202100,0.6682897843554689
121212100,1
021010000,0.6366752877284212
021010002,0.7298199561686817
221012211,0.5
221112211,0.5
002010201,0.5487500000000001
001221100,0.499545435139923
001221120,0.525
001221121,1
121102102,1
021022011,0.6682897843554689
021022111,1
011220100,0.4286875
011222100,0
211021000,0.24383748955776494
211021002,0
211020201,0.7006315303808107
211021201,1
211022001,0.4999999995194376
211022011,0.29936846961918945
211222011,0
021200100,0.525
021210100,1
021202011,0.525
021202111,1
011000020,0.5
011002020,0.525
221002011,0.5487500000000001
221002111,1
011221102,0.45125
211221102,0
101221102,0.5003467369664023
101221122,0.5487500000000001
021001000,0.5
021001002,0.5
021011002,0.50125
021011022,0.525
021011122,1
121221102,0.5
201212001,0.7006315303808107
201212101,1
001210020,0.525
001210200,0.4972747586220215
001210201,0.475
201210201,0
001210210,0.407253125
201210210,0
001211200,0.45125
201211200,0
011210200,0.4286875
211210200,0
101210200,0.5067384839843749
101210202,0.5487500000000001
111210202,1
101210220,0.5487500000000001
101210221,1
201200001,0.5713125000000001
211200001,0.475
211200201,0
201201001,1
010022010,0.4863862988967046
010122010,0.4583234883267558
010122012,0.39389051953112664
010122112,0.17028081314405755
211022101,0.28440004613823
211222101,0
101000020,0.50125
011202001,0.475
211122001,0.5
001200010,0.49961738997504856
001200012,0.5059349773717651
001200112,0.50125
001202112,0.5927468750000001
001212112,1
121021102,0.45125
121021122,0
021102001,0.50000296875
021102021,0.500059375
221112021,0.5
221112121,1
011120020,0.5029042238476563
011120022,0.5713125000000001
111120022,1
121000000,0.49993162040189953
211120000,0.3675459453125
211120002,0
201001000,0.4999375
201001002,0.49875
201001012,0.475
001200210,0.5002451777653132
001201210,0.45125
201201210,0
211122201,0.5
211122211,0.5
002100210,0.50002430703125
002101210,0.475
211020010,0.28440004613823
210002010,0.5487500000000001
210012010,1
211020100,0.2701800438313185
001010020,0.50238109375
001010022,0.8013928407708909
002110210,0.5079711015625
002110212,0.5487500000000001
002111212,1
012002010,0.525
012012010,1
000101200,0.5007666191468738
000101202,0.5487500000000001
020010201,0.525
001121002,0.4286875
201121002,0
011120220,0.525
011122020,0.525
111122020,1
101020012,0.5001165360600379
101220012,0.5713125000000001
111220012,1
011021002,0.475
211120020,0.5
211121020,0.5
211121022,0
211120021,0.5
001120200,0.5001188772666015
001120201,0.5023805430654297
001120221,0.525
001122000,0.500121875
011122000,0.5024375
011122002,0.525
111122002,1
011122200,0.525
021120000,0.4987828613603044
021120001,0.475
021120010,0.4990600951370827
021120012,0.49950297711224456
021120112,0.24383748955776494
221120112,0
021120100,0.475
021121000,0.475
021120210,0.5
021120211,0.5
000102201,0.5
211220001,0.6848752951376955
211221001,1
101022012,0.5487500000000001
021020100,0.49912082543702074
021020101,0.475
101021002,0.5020281278290233
101021022,0.525
000011200,0.5009468749999999
000011220,0.525
000111220,1
001010200,0.49979980236328125
101212200,0.525
101212210,0.50125
121212210,0.525
020010120,0.5487500000000001
021010120,1
000212001,0.6848752951376955
002012001,0.7006315303808107
020012001,0.6848752951376955
200011000,0.5000514898904199
200011002,0.8013928407708909
200111002,1
200011020,0.525
200111020,1
002011002,0.8463215661374882
002111002,1
002010210,0.7298199561686817
200011200,0.5487500000000001
200111200,1
200012001,0.6702106078523499
200012011,0.7347794624294745
200212011,0.8013928407708909
210212011,1
020210001,0.525
020011002,0.8870322295037172
002210001,0.525
100211002,0.5
100211022,0.5
201010000,0.5031295876162108
201010002,0.7909398323904114
201011002,0.5024375
201011022,0.525
201011122,1
200211000,0.49877508998386033
200211001,0.4286875
200211201,0
020010210,0.5000000000635667
020010211,0.4684744266952856
020210211,0.9975888459733652
200212111,1
022010001,0.525
020211012,0.5
020211112,0.5
022211112,0.5
200211010,0.4286875
202012011,0.8113231987323464
202012111,1
200010210,0.7683543849201235
000011020,0.5011993828125
000211020,0.50018125
000211021,0.5024375
000211221,0.525
001211221,1
220010001,0.500968952436492
220010011,0.475
222010011,0
002010010,0.4993928939538471
002010012,0.9744765656581983
202010001,0.5006406620324437
202011001,0.475
222011001,0
200211100,0.4999399416061494
200211102,0.7561625104422353
201211102,1
220012011,0.7909398323904114
220012111,1
202010011,0.4286875
200100201,0.50000015625
200100211,0.4995766531605906
200102211,0.5001129609375
200112211,0.5007110001153455
202112211,0.6324540546875002
212112211,1
200211120,0.5487500000000001
201211120,1
000110200,0.50093784652535
000110202,0.7155999538617702
012010120,0.5
022010211,0.998227580227973
202211100,0.4996902133288436
202211101,0.45125
222211101,0
202211110,0.45125
222211110,0
220010101,0.475
202110001,0.475
222110001,0
200110000,0.5010801796875
200110002,0.7433289583602476
200110102,0.5433555270070375
200112102,0.6324540546875002
201112102,1
212211100,0.5004716920031692
212211102,0.5713125000000001
212211112,1
220011001,0.475
210211000,0.475
212211000,0.525
212211010,1
212010001,0.5023438963603448
212010021,0.500619215048838
221010001,0.5128199657802734
221010021,0.5713125000000001
221010121,1
212210100,0.525
212210110,1
010202010,0.525
010212010,1
010001200,0.5
010201200,0.49875
010201210,0.475
210201210,0
200120001,0.50005953125
200120011,0.4999999999556327
200120211,0.4999999999957157
200121211,0.3151247048623047
220121211,0.5487500000000001
221121211,1
201211000,0.475
210010020,0.5008402124394967
210010021,0.49983078125
210010221,0.498871875
210011221,0.475
210211221,0
210010120,0.5005912268882426
210010122,0.8113231987323464
210010200,0.5927468750000001
210012000,0.525
210210000,0.5487500000000001
210211200,0
212010000,0.5487500000000001
212010010,1
100210122,0.6848752951376955
102210102,0.49921218823784425
102210112,0.475
210012120,0.5487500000000001
211012120,1
200211012,0.7683543849201235
210211012,1
012020010,0.000442503468671759
012020011,0.0003804299890559176
102211102,0.5
212110021,0.5006416776040994
212110221,0.525
212111221,1
212112021,0.5
000110020,0.5012309727946994
000110022,0.6848752951376955
012010122,0.5
000110220,0.525
000112020,0.5007189473042346
000112021,0.5002887967657589
000112221,0.5487500000000001
100112221,1
200110020,0.5487500000000001
002110020,0.5487500000000001
002111020,1
220010211,0.4233049488819506
220011211,0.3151247048623047
220211211,0
000210201,0.525
200210001,0.5031615659959076
200210011,0.475
200210211,0
022021011,0.6324540546875002
221010201,0.7909398323904114
221011201,1
212010201,0.5487500000000001
212010211,1
200210101,0.5224529872211889
200212101,0.5927468750000001
212012001,0.5713125000000001
212012011,1
202210101,0.7561625104422353
202210111,1
221012001,0.5487500000000001
221012101,1
200112001,0.4998449170142329
200112021,0.5
200112121,0.5
202112121,0.5
220210101,0.5713125000000001
220210111,1
221210001,0.5487500000000001
221210101,1
021211012,0.5
021211212,0.5
220110211,0.3317102156445313
222110211,0
020110020,0.5927468750000001
020111020,1
212210001,0.5487500000000001
212210011,1
212011021,0.5006095937238945
212011221,0.5713125000000001
000210100,0.5891681422778673
000210102,0.7799366656741173
000212100,0.6324540546875002
002210100,0.6193163885267312
002210101,0.6894542688689176
002212101,0.7683543849201235
002212111,1
020210100,0.6508313519531251
212211021,0.5
002012010,0.525
002210010,0.9959729325708516
012210010,1
210210120,0.5927468750000001
211210120,1
022210101,0.7561625104422353
022210111,1
201012001,0.49983078125
201012201,0.498871875
201012211,0.4286875
022010010,0.49941924279208705
022010011,0.45125
220211112,0.9992199107902852
221211112,1
002112021,0.525
102112021,1
221010211,0.3317102156445313
221210211,0
021010020,0.6848752951376955
022010110,0.475
022011010,0.475
222011010,0
100012000,0.501190625
100012002,0.5195894160346031
100012012,0.407253125
102012012,0
001012000,0.50125
001012002,0.6848752951376955
022110010,0.45125
222110010,0
122010010,0.5014094097849106
122010012,0.5001386321571962
122010112,0.13176004723287116
122012112,0
001010002,0.5000000000000033
001010202,0.5000000000000022
021010212,0.5
021011212,0.5
020112021,0.525
120112021,1
122011012,0.5002824194262407
122011212,0.7909398323904114
122111212,1
002110000,0.49995992454742577
002110002,0.7433289583602476
002110200,0.5487500000000001
002111200,1
002112000,0.49893695717812714
002112001,0.49968885636998145
002112201,0.5927468750000001
102112201,1
022110000,0.525
122110000,0.50125
122110002,0.525
122110102,1
022110100,0.475
022111000,1
202110000,0.5487500000000001
202111000,1
220112011,0.475
222112011,0
000010102,0.5000000000000033
000012102,0.7298199561686817
010012102,0.45125
012012102,0
020011012,0.5000000000000011
020011212,0.988175216705885
020111212,1
200102001,0.50018125
010211002,0.5
010211022,0.5
010211122,0.5
100012102,0.4286875
000110002,0.5000000000000033
000112002,0.5000000000000022
000112012,0.1792429612042711
002112012,0
000211102,0.5000000000000011
000211122,0.7561625104422353
001211122,1
002211102,0.5
002211112,0.5
022112001,0.525
122112001,1
202211112,0.976965100506524
020011102,0.5024375
020011122,0.5487500000000001
020111122,1
012211102,0.5
000112102,0.2701800438313185
002112102,0
010010002,0.5000000000000033
010010022,0.5000000000000022
010210122,0.820757038795729
011210122,1
020211102,0.7298199561686817
021211102,1
010010202,0.7433289583602476
010210002,0.6848752951376955
010012002,0.6848752951376955
012010002,0.868239952767129
010110022,0.13869478656091702
010110222,0
011010022,0.22006333432588285
011010222,0
012110122,0.17028081314405755
012112122,0
201221100,0.5713125000000001
201221101,1
000010012,0.5000000000000033
000012012,0.9717191863248735
001112002,0.5000000000000011
001112022,0.7006315303808107
001112122,1
010011022,0.15367843386251193
010011222,0
000210012,0.9959729325708516
020010012,0.5000000000000022
200010012,0.9702307224472353
022011012,0.9792110032071379
022111012,1
002010102,0.5000000000000022
002011102,0.5000000000000011
002011122,0.7683543849201235
002111122,1
021010012,0.5
020010102,0.7683543849201235
002110102,0.3151247048623047
002110122,0.5
201010012,0.5132280230468751
201010212,0.8748279551287725
211010212,1
202112001,0.49963464250575595
202112011,0.475
001112202,0.5
001112212,0.5
021112212,0.5
012010102,0.22006333432588285
202112101,0.475
222112101,0
021010200,0.66958757842302
021010201,0.7368222379933965
021010221,0.8013928407708909
021011221,1
020011210,0.49931438747097184
020211210,0.4983829126987329
020211211,0.34916864804687503
020110210,0.500000000014013
020110212,0.7155999538617702
112210122,0.5
002112100,0.475
001110202,0.1792429612042711
001110222,0
221011212,0.8870322295037172
221111212,1
010121002,0.45125
010121022,0.4975625
011121022,0.475
011121222,0
110012002,0.475
112012002,0
100112122,1
001011202,0.2316456150798767
011210002,0.5
211210002,0.5927468750000001
211210012,1
000012100,0.5011419590039063
002012100,0.50011578125
022012101,0.525
022112101,0.475
021110212,0.5
121010212,0.5
121012212,0.5
100112002,0.3317102156445313
102112002,0
212112001,0.5
120010012,0.4999858852456618
101010202,0.2090601676095887
101010222,0
011010202,0.28440004613823
221010000,0.6682897843554689
021011202,0.525
021111202,1
020112210,0.5000000000025595
021112210,0.5
210120000,0.5
210120001,0.5
210120021,0.5
022011102,0.8013928407708909
022111102,1
101012002,0.5537828886254197
101012022,0.6324540546875002
101012122,1
121210212,0.5
110010022,0.24383748955776494
110010222,0
221211012,0.5713125000000001
220112211,0.5
200102011,0.5032289902539062
200122011,0.7799366656741173
200122111,1
112000002,0.49791014843750003
112100002,0.475
112102002,0
220011012,0.9830672321809839
220111012,1
001211002,0.46335626423229326
001211022,0.5487500000000001
200110012,0.503565625
200110212,0.525
200111212,1
001211202,0.40776537157504233
001211212,0.3151247048623047
201211212,0
011211202,0.3151247048623047
011211222,0
101211202,0.3151247048623047
101211222,0
101212002,0.6324540546875002
201211002,0.525
122210101,1
210121002,0
121012002,0.6131095312500001
121012012,0.5
211120200,0.5
211120201,0.5
022110210,0.7909398323904114
022111210,1
220110210,0.7433289583602476
220111210,1
201110202,0.525
201111202,1
101010022,0.45125
110210122,0.5011875
110212122,0.525
111212122,1
201112201,0.5
000112000,0.49973978943515224
110210002,0.545680829140177
110210202,0.6131095312500001
200011012,0.5112426640625
200011212,0.5713125000000001
210011212,1
020110012,0.4997635504955052
020112012,0.4999038187809041
020112112,0.4286875
022112112,0
120010000,0.50125296875
120010002,0.5112790792520739
120010102,0.5395002231560342
120010122,0.6682897843554689
120110122,1
102010000,0.5018727569064647
102010002,0.5000000000000022
102010012,0.2090601676095887
210012001,0.500002679296875
210012021,0.50010181328125
210112021,0.5
210112221,0.5
021012000,0.6682897843554689
021012100,1
001021210,0.5006699468722093
001021212,0.5001200323420354
202011102,0.7909398323904114
202111102,1
021112012,0.5
010010020,0.499937203125
010010220,0.496431695703125
010010221,0.4999375
211010221,0.475
211210221,0
101021202,0.5487500000000001
111021202,1
012010020,0.5016988766230398
012012021,0.525
210020010,0.4625043994347654
210020011,0.4258777302322903
210020211,0.3494950586800214
210021211,0.22006333432588285
210221211,0
020010112,0.26745288969755293
020012112,0.5927468750000001
021012112,1
020210112,0.6324540546875002
021210112,1
022010112,0.19595796470539154
022011112,0.1251720448712276
222011112,0
021210000,0.6682897843554689
022110112,0.13176004723287116
102011002,0.5000000000000011
102011022,0.7433289583602476
102111022,1
102011202,0.8013928407708909
102111202,1
021012201,0.8013928407708909
101112202,0.17028081314405755
101112222,0
102211002,0.5
011022112,0.13176004723287116
011222112,0
010122201,0.49959558306878293
010122211,0.34916864804687503
012122211,0
002221101,0.9031442577707496
002221111,1
221112012,0.6131095312500001
221112112,1
202121211,0
200021110,0.2316456150798767
010210000,0.500005499609375
010212000,0.525
000120010,0.49999999959263364
000120012,0.5
100120012,0.5
100122012,0.5487500000000001
112000012,0.475
112002012,0
012020110,0.00037313621345402343
112020112,0.00014355662688271813
112022112,0
110212002,0.6131095312500001
110020102,0.5244314486739258
110022102,0.5927468750000001
210200010,0.525
210201010,0.45125
112000102,0.475
112002102,0
021210201,0.7909398323904114
021211201,1
202011012,0.5713125000000001
202111012,1
002001000,0.500856237620347
002001210,0.5000625
002011210,0.50125
002011212,0.5487500000000001
112210002,0.6131095312500001
210110022,0.525
210111022,1
002010100,0.49999789059165417
120010210,0.5
120010212,0.5
010220010,0.48005676368848693
010220011,0.45125
220120101,0.525
220120111,1
110221002,0.525
111221002,1
011122201,0.5
210020110,0.10195341287289533
001022110,0.11891344262766622
010211202,0.5487500000000001
201122211,0.5
002210110,0.50125
002210112,0.6508313519531251
012210112,1
210021010,0.407253125
112001002,0.5
112001022,0.5
112001122,0.5
110020122,0.5927468750000001
110120122,1
000122001,0.5
202110102,0.6131095312500001
202110112,0.4286875
202112112,0
202102011,0.525
202102111,1
121201102,0.50125
121201122,0.525
210120010,0.34916864804687503
210011022,0.5487500000000001
210120211,0.13176004723287116
212120211,0
102210100,0.49995405675683596
112210102,0.475
112212102,0
021010210,0.4997170631633022
201002001,0.5
201102001,0.5
201102021,0.5
201102121,0.5
221102121,0.525
120112210,0.5
120112212,0.5
012020100,0.5003299765625
012120120,0.525
010021120,0.499844182705627
011021122,0.45125
211021122,0
100010122,0.6061000383202072
102010122,0.6848752951376955
102110122,1
011120002,0.475
011120202,0.525
001102201,0.5
001102221,0.5
001112221,0.5
200121001,0.4854846399314433
200121201,0.525
201121201,1
020110000,0.5018912604277342
020110002,0.7683543849201235
100102000,0.5024998921919056
100102002,0.525
001102000,0.5
001102002,0.5
001102012,0.500003125
001102212,0.50018125
202100001,0.49875
202100011,0.407253125
222100011,0
200100010,0.49926630528997984
200100012,0.500121875
200112012,0.5487500000000001
210112012,1
200100210,0.5000955640429688
201120211,0.5
221120211,0.8113231987323464
200101210,0.5007746875
200101212,0.525
200102010,0.5003390167773437
220102011,0.525
220102111,1
200120010,0.4999999997496914
200121010,0.24383748955776494
200121210,0.49524687500000003
201121210,0.4286875
200101000,0.5012307200860934
200121000,0.4961301975211904
202121001,0.44747772298371286
202121011,0.3675459453125
200100100,0.4992725049573437
200101002,0.5487500000000001
200101020,0.525
002112210,0.5487500000000001
012112210,1
100100200,0.5
100100202,0.5
100100212,0.5
100120212,0.5
101120212,0.5
000101220,0.525
010102000,0.4999375
010102002,0.4975625
010102012,0.475
012102012,0
100102020,0.525
221100120,0.525
221110120,1
201120010,0.2566710416397526
100121002,0.49953375
102121002,0.525
120121200,0.496375
120121201,0.45125
120121221,0
000121200,0.48660584682054414
000121201,0.45125
001121200,0.46240914169088043
001121202,0.3990700399467501
011121202,0.28440004613823
021121012,0.4286875
221121012,0
200101200,0.5487500000000001
200100102,0.5127206998441415
010121200,0.45125
012121200,0
200010211,0.475
000002110,0.4895145096742529
000102112,0.38689046875
002211100,0.4999634280918365
100012212,0.525
110012212,1
012021000,0.4993020037551476
012021010,0.0003804299890559176
012021210,0
020021110,0.4995899816763028
020021112,0.4998391964231914
020121112,0.3675459453125
220121112,0
001012012,0.5589764095092506
001212012,0.6508313519531251
012121000,0.45125
100110022,0.475
100110222,0
010011220,0.475
021211210,0.45125
221211210,0
102010212,0.5927468750000001
112010212,1
120012102,0.6131095312500001
120112102,1
012120010,0.0003804299890559176
012120210,0
122110012,0.4286875
122112012,0
220110012,0.525
001221210,0.8540054878306138
011221210,0.28440004613823
211221210,0
110022112,0.03847248763835666
012110002,0.475
012112002,0
201212011,0.5
221212011,0.5927468750000001
221212111,1
110220012,0.5713125000000001
210022011,0.5927468750000001
210022111,1
200010201,0.49875
200011201,0.475
211010202,0.5927468750000001
011112202,0.2566710416397526
011112222,0
201112212,0.8870322295037172
211112212,1
201112002,0.7799366656741173
010112002,0.2316456150798767
110200200,0.525
110211022,0.45125
110211222,0
212110120,0.5004716920031692
212110122,0.5487500000000001
212112120,0.5
002020011,0.9967199284097872
021112002,0.7433289583602476
012112000,0.45125
021112102,1
001010220,0.5000625
001010221,0.50125
001210221,0.525
001221211,1
210110002,0.5024375
210110202,0.525
210110212,1
000112200,0.5003268936531379
000112201,0.5009578213167787
020112201,0.525
120112201,1
012010000,0.5018824394302185
012010200,0.5487500000000001
002112010,0.45125
102112000,0.45125
102021112,0.5
021211002,0.5713125000000001
122010102,0.6131095312500001
122011102,0.50107171875
122011122,0.5487500000000001
122111122,1
121021210,0.5
110021122,0.5239796395117188
102021001,0.16176677248685467
202011112,0.407253125
100110202,0.45125
102221100,0.5
000211200,0.4976845234375
000211201,0.475
001020120,0.5
011020120,0.5024375
011020122,0.525
111020122,1
010220110,0.15367843386251193
000210112,0.558188021154404
000212112,0.6508313519531251
020001000,0.5013405043706649
020101020,0.525
010112022,0.49875
010112122,0.475
012012000,0.5927468750000001
012210000,0.5487500000000001
012211000,0.502220194921875
012211002,0.5487500000000001
010122120,0.525
110122120,1
021110200,0.50125
021110202,0.525
021011200,0.50125
021011220,0.525
211020211,0.22006333432588285
211220211,0
002011020,0.525
112010020,0.5
112010022,0.5
012122100,0.525
010221010,0.45361634578791127
010221012,0.49948349591676094
011221012,0.09685574222925057
211221012,0
101022112,0.07494512702440784
011220010,0.14599451216938633
011222010,0
012210021,0.5713125000000001
110220010,0.10731938197146877
110222010,0
110221012,0.5000671669324785
110221212,0.6131095312500001
102000100,0.50125
102000120,0.525
112220112,0.5
020210101,0.50125
020212101,0.525
020212111,1
210110221,0.5
011012202,0.525
002010211,0.9975292629540351
002210211,0.998227580227973
012210211,1
010001220,0.5000625
010001221,0.50125
010021221,0.525
011021221,1
011112022,0.5
211112022,0.525
211112122,1
112000200,0.49667515625
112000201,0.475
220110102,0.6131095312500001
220111102,1
210112102,0.475
101221002,0.525
021020112,0.5000000000000173
000211000,0.49982313081705265
112211002,0.5
112211022,0.5
102011212,0.5183953130221117
102110002,0.2090601676095887
112010002,0.2566710416397526
122011002,0.7909398323904114
122111002,1
102010020,0.5713125000000001
102110202,0.525
000210010,0.9954558429972425
020210010,0.9957832168031201
020210011,0.9967905577244095
020212011,0.9975888459733652
120011002,0.5024375
120011022,0.5487500000000001
120111022,1
112000210,0.475
121010202,0.5
120012112,0.475
101210002,0.5024375
101210022,0.525
210021120,0.5
210021121,0.5
102011122,0.5
112011022,0.475
112011222,0
211220011,0.475
000212010,0.9959729325708516
010011202,0.45125
012021100,0.4996004712601844
012021102,0.49939040627610565
012121102,0.45125
021021210,0.5713125000000001
100010020,0.5303408428129245
100010220,0.5713125000000001
112020012,0.26009712676771013
112021012,0.1251720448712276
112021212,0
002101012,0.44242910215101705
002101212,0.5713125000000001
102120010,0.45125
201002011,0.5
201002211,0.5
201102211,0.5
002021010,0.4999999999910661
002021110,0.49999999999906236
121210002,0.525
100012020,0.5713125000000001
221010210,0.49975786064442695
221011210,0.45125
010220112,0.3154056209525416
011220112,0.14599451216938633
100011202,0.407253125
121010002,0.50125
121010022,0.525
121010122,1
000221010,0.5175313490743907
000221011,0.5640813461455002
000221211,0.6508313519531251
010201012,0.49994953125
112221012,0.5
121211202,0.5
122210100,0.525
100012200,0.5713125000000001
210011002,0.50125
210011202,0.525
200211112,0.6818511201919274
201012012,0.6508313519531251
201012112,1
102010200,0.5713125000000001
010211200,0.475
101120020,0.475
200010112,0.9967595354761153
200012112,0.997709403674697
010112020,0.4999375
012210100,0.50125
012210102,0.525
000012010,0.503553633245698
020012010,0.5170154886454049
020012011,0.5790594917108058
022012011,0.7433289583602476
022012111,1
200110200,0.525
121021002,0.5
121021012,0.5
000011122,0.5024375
020010010,0.4994439379745154
100001202,0.49875
200210112,0.9975888459733652
102012000,0.525
201011202,0.525
022211211,0.5713125000000001
122211211,1
102001012,0.500001319529482
102001212,0.5014645164323556
010210020,0.500121875
110210220,0.525
110210221,1
122010000,0.525
020012100,0.525
002122110,0.7909398323904114
002122111,1
210110122,0.50125
210112122,0.5487500000000001
210122100,0.5
210122101,0.5
100102200,0.5003781870205966
100102201,0.499966032544043
102102201,0.525
120010200,0.525
012000121,0.5
012002121,0.5
012012121,0.5
020011000,0.5032862857373535
020011020,0.525
021020110,0.5006584949613865
021022110,0.5487500000000001
112211202,0.525
102021012,0.5
120201120,0.498875
120201121,0.475
212012100,0.525
212012110,1
002211021,0.5713125000000001
102211021,1
211010020,0.5
211012020,0.525
120220110,0.8113231987323464
210011020,0.5005592158105956
210011220,0.525
210111220,1
012011202,0.525
112011202,0.475
210211020,0.499378938984375
210211021,0.475
102010210,0.5112426640625
102012210,0.5713125000000001
102012211,1
012212101,0.50125
212212101,0.525
212212111,1
210211120,0.5010181328125
210211122,0.5487500000000001
211211122,1
011200000,0.5029884483932838
011200002,0.525
120110212,0.5
220112121,0.5487500000000001
200112000,0.5001128125
210112000,0.501128125
210112002,0.525
020021011,0.5409536498182412
020221011,0.6508313519531251
020221111,1
201020211,0.8013928407708909
201021211,1
120010020,0.5487500000000001
010210120,0.50125
010212120,0.525
011212120,1
201010020,0.525
021210211,0.475
220110000,0.525
220111000,1
221110212,0.6324540546875002
200001000,0.5011491767434527
202101000,0.5713125000000001
112120012,0.13869478656091702
112120212,0
001022010,0.500000000006856
001122010,0.5000000000057994
001122012,0.5366236489299107
011122012,0.28440004613823
211122012,0
010210200,0.5
201010200,0.5001128125
201110200,0.501128125
201110220,0.525
201111220,1
010221120,0.500121875
200021100,0.5000625
200021101,0.5024375
200221101,0.525
200221111,1
100211200,0.50000296875
100211202,0.500059375
020110200,0.525
020111200,1
121112002,0.50125
121112022,0.525
121112122,1
220011102,0.525
121210200,0.525
121210201,1
012120021,0.5
012120121,0.5
022210011,0.9975888459733652
200112201,0.5002178411092656
002121010,0.28440004613823
120012000,0.525
200012010,0.5487500000000001
012221010,0.49925157882595206
012221011,0.45125
012221211,0
121120012,0.5
002221011,0.6508313519531251
102021010,0.3151247048623047
012100012,0.407253125
200112112,0.3675459453125
012221112,0.5
120102211,0.5
120122211,0.5
200221011,0.6508313519531251
010221210,0.3890977550666088
010221211,0.28440004613823
002001001,0.49999999985547194
220210011,0.997461943129858
002001100,0.5000047219258301
002001102,0.500121875
110221210,0.28440004613823
112221210,0
002221110,0.7155999538617702
122020110,0.8113231987323464
210220011,0.5
210221011,0.475
000122110,0.6765541006675798
000122112,0.8870322295037172
012022110,0.7433289583602476
012022111,1
110120002,0.5118574548359864
110120022,0.5487500000000001
100220010,0.5000000000000022
112100122,1
020021010,0.5108018644194445
220021011,0.6131095312500001
220021111,1
112021102,0.5
011022010,0.28440004613823
100022010,0.5007201994425365
100022110,0.17028081314405755
120211210,0.5
100122010,0.5005352917088647
100122210,0.5002446919905678
021021112,0.2701800438313185
221021112,0
020120010,0.5743318175040594
020120011,0.5
020120211,0.5
101022010,0.3675459453125
101222010,0
101122012,0.6153258659668993
001020210,0.5009713821002815
201021210,0.5487500000000001
202121010,0.49524687500000003
202121110,0.4286875
110022010,0.45125
122010210,0.7006315303808107
102122010,0.5487500000000001
102122110,1
110202000,0.525
020100010,0.49893641541130124
020100012,0.5000625
020100112,0.49831907563118055
020102112,0.5487500000000001
122012010,0.525
122012011,1
120122010,0.525
120122110,1
200001010,0.49916694736252204
200001012,0.501160469921875
200201010,0.5000303321795598
200201011,0.475
001122210,0.5005235434737523
021122010,0.5023904532814136
021122011,0.5
122210010,0.5713125000000001
122210011,1
200201110,0.5052890817936081
200201112,0.5195934448925846
202010010,0.5487500000000001
010000210,0.4973207384864064
010020210,0.4809519751462843
010021210,0.45125
202010211,0.9981342949768136
220010010,0.49925852249506747
220110010,0.475
001220211,0.9169583080061964
220010110,0.407253125
011022100,0.475
002121012,0.3533224341793242
012121012,0.19860715922910926
012121212,0
020120112,0.8980465871271048
210122011,0.5
210122211,0.5
002101102,0.5024375
002101122,0.525
110120202,0.5713125000000001
110120212,0.45125
002121102,0.525
002001120,0.50000015625
002011120,0.500003125
002211120,0.5000625
002211121,0.50125
202211121,0.5
000201210,0.5000006074240732
100201210,0.5000974716404396
220011010,0.475
221010010,0.4996079522364662
221110210,0.5
100220211,0.41561463819430694
101220211,0.3151247048623047
101222211,0
022211121,0.525
011022211,0.13176004723287116
011222211,0
221112210,0.5
110122012,0.28440004613823
112122012,0
022101012,0.525
102020110,0.670949477980021
102022110,0.7909398323904114
220100211,0.4995034821019273
220101211,0.475
222101211,0
221100211,0.5
221102211,0.5
002021100,0.5
201000211,0.475
102201012,0.5
102201112,0.5
122201112,0.5
122021112,0.967014650911064
122121112,1
202000110,0.995760981653528
010002211,0.49077413894543775
010022211,0.4566391574011654
110022211,0.3675459453125
110222211,0
021000211,0.5000001107357389
021200211,0.6848752951376955
021221100,0.5
021221110,0.5
021221112,0.5
221000211,0.6508313519531251
221001211,1
000221110,0.49978332820824645
100002010,0.5001525841789487
100202110,0.475
010022112,0.34620553902903456
120112012,0.475
201000010,0.49932228447930893
201000012,0.5013054198828124
211000012,0.45125
010120210,0.2701800438313185
200020011,0.8113231987323464
201210012,0.6324540546875002
201000210,0.49925847694851516
201001210,0.475
201010210,0.475
202011211,0.38689046875
202211211,0
011020210,0.44923539193339596
011020212,0.5487500000000001
102020010,0.5690069404660698
102220110,0.7799366656741173
020122110,0.7909398323904114
020122111,1
101221210,0.7023551214675114
121221210,0.868239952767129
202120011,0.7155999538617702
212120011,0.475
002200011,0.9967199284097872
202000011,0.9965472930629339
221122011,0.7561625104422353
221122111,1
202010112,0.9975888459733652
220120011,0.7433289583602476
122221110,0.9792110032071379
000120210,0.499999999751235
001120210,0.4999999999457157
001120212,0.49999999999632677
011120212,0.2566710416397526
211120212,0
200221110,0.5487500000000001
220010112,0.9975888459733652
221010112,1
011022210,0.525
101220010,0.02976927755276478
202120111,1
102121012,0.17028081314405755
112120002,0.5487500000000001
010002112,0.38689046875
102000211,0.38689046875
000122010,0.5489723452052409
200122110,0.7909398323904114
112220001,0.49875
112220011,0.34916864804687503
112220211,0
120001210,0.49967865572859443
110202010,0.475
221020110,0.5487500000000001
200002110,0.9959729325708516
020120110,0.6900477324594919
022120110,0.7909398323904114
022120111,1
121121202,0.5
200200110,0.9959729325708516
220211011,0.3675459453125
220000110,0.995760981653528
120221010,0.5633599055756242
120221011,0.6277126218101189
120221211,0.7561625104422353
221000010,0.50018125
221000011,0.5024375
221020011,0.6848752951376955
001122201,0.500050906640625
002120010,0.5381155850853359
202120110,0.7799366656741173
112221010,0.018762069605558065
022211011,0.407253125
222211011,0
200021011,0.5531290115097007
200021211,0.6324540546875002
020101200,0.5487500000000001
011000002,0.5038663568209428
011000022,0.525
020001010,0.4997509653045563
020001012,0.5
011200210,0.475
211200210,0
212020110,0.6682897843554689
212020111,1
220120110,0.7799366656741173
210020121,0.5
200100112,0.3151247048623047
212020011,0.5713125000000001
220101000,0.525
202110210,0.525
202111210,1
202201110,0.5487500000000001
202201111,1
021220011,0.6682897843554689
021220111,1
011200020,0.5487500000000001
021220110,0.5487500000000001
010202011,0.407253125
220201110,0.525
220201111,1
020211010,0.4995872171888871
112022110,0.45125
012120012,0.4568765142151829
002110012,0.4286875
110122002,0.5487500000000001
000201010,0.4999819685744282
011022012,0.5487500000000001
100021200,0.5000625
101021200,0.50125
101021220,0.525
200021010,0.5152557819037427
201021010,0.407253125
100000210,0.5000000001823949
120210010,0.5
011220210,0.5713125000000001
211020210,0.3724332922057578
202021011,0.6324540546875002
000201000,0.5000006395676163
020000110,0.5000012622342322
020000112,0.5000005170533616
022100112,0.5487500000000001
122100112,1
220110112,0.3675459453125
222110112,0
000220011,0.8013928407708909
022021110,0.7683543849201235
102201000,0.49999732768070704
102201001,0.49998961978850076
110220121,0.45125
110222121,0
112200121,0.50125
112202121,0.525
021000010,0.5000012503889253
021000012,0.5000000000040571
021000112,0.5000000000004108
021002112,0.6324540546875002
000212011,0.50582484375
002212011,0.5927468750000001
020100210,0.5000036511888585
201020010,0.5222393501780582
201020011,0.5714408502885674
201022011,0.6848752951376955
211021210,0.24383748955776494
211021212,0
001220112,0.32838149293667485
211120210,0.2566710416397526
100002210,0.500768116468102
101202210,0.5487500000000001
111202210,1
002011000,0.5027630311278126
002011200,0.525
100212010,0.5157445924912598
100212210,0.5487500000000001
011021022,0.5
002120001,0.4997668125
002120011,0.407253125
100210210,0.5024375
102210210,0.5487500000000001
102210211,1
011021212,0.45125
120212011,1
012100102,0.475
012102102,0
012220110,0.8013928407708909
012220111,1
020002110,0.6682897843554689
101022211,0.10195341287289533
220011112,0.3317102156445313
001000210,0.4993492832456137
101200210,0.5136287760114155
101200212,0.5487500000000001
101210212,0.5
010010200,0.4997056695703125
010110220,0.475
020200110,0.7155999538617702
022000110,0.7433289583602476
122002011,0.5713125000000001
122002111,1
110020210,0.4286875
102212010,0.5487500000000001
102212011,1
021122110,0.5171143763203614
021122112,0.6508313519531251
221122110,0.6131095312500001
001202010,0.50002430703125
001202110,0.475
122000112,0.6682897843554689
220100112,0.4819231127353516
220101112,0.407253125
210000112,0.3675459453125
201122010,0.5
201122011,0.5
211122010,0.3151247048623047
012122010,0.496375
012122011,0.45125
212000011,0.50125
120211120,0.50125
122211120,0.525
201000112,0.2701800438313185
102210010,0.5
112210210,1
020102010,0.5000625
020102011,0.5022087573447693
020122011,0.525
221100112,0.407253125
002211211,0.45125
202021110,0.6848752951376955
110122200,0.525
022110211,0.4286875
022100011,0.4286875
222101112,0
110022100,0.475
201220011,0.6848752951376955
101000022,0.525
022011210,0.525
102201010,0.49994375
020221110,0.5713125000000001
202001110,0.4286875
222001110,0
110122201,0.475
112122201,0
011000202,0.5487500000000001
012221110,0.5
010100002,0.499878125
010102102,0.475
121012000,0.5024375
121012020,0.5487500000000001
000202110,0.525
001220010,0.5
021210010,0.5002754449646033
021210012,0.6508313519531251
220112112,0.525
020001112,0.49969326072609205
110220211,0.3317102156445313
210100000,0.50000609375
210100002,0.500121875
212110002,0.525
212110012,1
021200112,0.7561625104422353
000102010,0.5000000078125
000102012,0.50000015625
110021200,0.45125
221000112,0.7683543849201235
221001112,0.475
121000020,0.49875
121000021,0.475
001212010,0.5119470441601562
001212210,0.5713125000000001
011212210,1
110120020,0.50125
110122020,0.525
111200212,1
200001210,0.50005328125
210121210,0.45125
210121212,0
012022011,0.6131095312500001
211022211,0.5
022100010,0.4979231514903491
002210011,0.5123143828125
202210011,0.5927468750000001
021102112,0.50125
221102112,0.5487500000000001
120212010,0.5487500000000001
201100210,0.5000071918437511
201100212,0.500401234375
201110212,0.5080246875000001
021212010,0.5487500000000001
021212110,1
102000210,0.5012649625000001
100002211,0.498391551640625
100022211,0.48269676640625
112220010,0.47510149562500004
121121002,0.475
121121022,0
022100110,0.475
022001011,0.45125
222001011,0
210002011,0.503565625
210002211,0.525
210210112,1
121200121,0.475
121220121,0
012200011,0.5024375
012200211,0.525
021021000,0.525
212000110,0.5034498437499999
212000112,0.525
012021012,0.4497324500227911
002112211,0.521223044921875
201122110,0.4286875
011022120,0.525
111022120,1
201102210,0.5
002011021,0.5140423953320313
022011021,0.5713125000000001
022111021,1
120101212,0.5
120121212,0.5
210112020,0.5
120100210,0.4999231883531898
120100212,0.5
121002210,0.5
022101010,0.475
222101010,0
121200010,0.5000009604902116
121200012,0.5000192098042329
010220001,0.49915108593750007
010220101,0.475
001002211,0.49959312499999997
201002110,0.5024375
201002112,0.5487500000000001
121000210,0.5
121000212,0.5
102201210,0.5009112953125
102201211,0.475
012212011,1
012020001,0.5000000589615003
012020101,0.500001179230008
012020121,0.5000235846001585
001121220,0.5487500000000001
101121220,0.475
120021210,0.49921218823784425
120121210,0.475
112001200,0.475
010120020,0.5001452111923829
011002002,0.525
010120200,0.4994773495809761
010120201,0.45125
012120201,0
112022010,0.49524687500000003
112022011,0.4286875
112022211,0
020210110,0.50582484375
020212110,0.5487500000000001
022210110,0.525
021210210,0.4994498416641854
000210211,0.4286875
122121210,0
212021010,0.4394707254200173
212021011,0.34916864804687503
212021211,0
212021110,0.34916864804687503
122100010,0.5020880099748165
122100210,0.500107466395459
122100211,0.45125
121200210,0.5363925735756627
121200211,0.6066367898924845
121202211,0.7909398323904114
021012012,0.6508313519531251
020020101,0.525
102211210,0.5163869140625
122211210,0.6324540546875002
201120210,0.5
100001200,0.4999375
202110211,0.4286875
002102211,0.5006270078125
021212011,0.513332515625
020121000,0.498316335782634
020121001,0.475
121012200,0.525
021121212,0.5
120012210,0.6682897843554689
122101210,0.475
210202011,0.525
210202111,1
210122010,0.5
012221100,0.5
012221101,0.5
011122212,0.5713125000000001
201212010,0.5487500000000001
201212110,1
002200110,0.5487500000000001
011122210,0.5007110001153455
120221110,0.5
221210011,0.45125
122110210,0.5172039656445313
122110212,0.5927468750000001
202121101,0.3675459453125
222121101,0
121221010,0.5
110220210,0.525
201112200,0.5
112002000,0.49693513456399996
112002010,0.45125
011000200,0.50125
011000220,0.525
100102210,0.4999375
120102210,0.5
010020120,0.500121875
011220120,0.525
111220120,1
202001011,0.45125
212120112,0
001221010,0.5
001221012,0.5
010221001,0.501128125
010221021,0.525
011221021,1
012221001,0.5
211122210,0.5
212000211,0.525
011120200,0.5
211121200,0.407253125
211121202,0
002102011,0.501218850390625
002122011,0.5487500000000001
012120001,0.475
000122101,0.50125
002122101,0.5487500000000001
010220100,0.5000001272666016
010221100,0.5000025453320313
010221102,0.500050906640625
001002210,0.500104492578125
011002210,0.50125
011002212,0.5487500000000001
211000002,0.5081028067117844
211012002,0.6131095312500001
211012012,1
100102212,0.49875
100112212,0.475
102112212,0
021000210,0.5000076246607842
021100210,0.5
022121101,0.475
200012110,0.5011875
200212110,0.5487500000000001
021002010,0.5002556979955628
021002110,0.503625
021202110,0.5487500000000001
200210110,0.507861109375
011200200,0.525
011202000,0.5487500000000001
110122210,0.475
112122210,0
210020100,0.5
210020101,0.5
212021001,0.5
212021101,0.5
120210210,0.5487500000000001
102201100,0.5
102201102,0.5
020121010,0.49911735248922856
021121210,0.5
221200011,0.525
221200111,1
220210110,0.5487500000000001
202120101,0.5713125000000001
022121011,0.475
201221010,0.8540054878306138
201221011,1
122112210,0.5713125000000001
221012010,0.5
221112010,0.5
102002011,0.510010046484375
102002211,0.5487500000000001
000122011,0.5
002120101,0.5068965624999999
022120101,0.525
010122000,0.500262106202251
120120201,0.49411875
012021120,0.5000337725054789
211200000,0.49966180703124996
211200010,0.45125
020121100,0.475
010221201,0.525
011221201,1
022100211,0.4908471875
122121012,0.5487500000000001
202210110,0.5487500000000001
112021002,0.5
012122001,0.5
012122101,0.5
212122101,0.525
212122111,1
021221010,0.8013928407708909
200102110,0.49970296875
200102112,0.49524687500000003
201102112,0.45125
220101100,0.475
202012110,0.5
202011021,0.5487500000000001
202111021,1
012021021,0.5
201221110,0.45125
201012000,0.525
211110022,0.475
211110222,0
122020011,0.525
021221011,1
210122112,0
210200110,0.50125
210200112,0.525
022121110,0.407253125
222121110,0
212121001,0.3675459453125
212121201,0
120011202,0.525
120111202,1
112221001,0.475
112221201,0
221000110,0.504753125
221002110,0.5487500000000001
122000101,0.5
021102211,0.5
001100020,0.500003125
001100022,0.5000625
001100122,0.50125
001102122,0.525
020102001,0.500121875
022102011,0.525
022102111,1
121210012,0.5
102200010,0.5000625
102200011,0.5024375
102200211,0.525
100002012,0.5009347012762471
112002001,0.49781915067519533
112002201,0.525
112012201,1
100001221,0.5
102001221,0.5
102011221,1
201112210,0.5
201121000,0.475
210121000,0.475
020112000,0.5001167843359375
020112001,0.4999375
220112001,0.49875
220112101,0.475
001210012,0.5403696678394458
220100010,0.497475058869945
220100011,0.45125
120201210,0.50040984375
120201211,0.504753125
122201211,0.5713125000000001
112022001,0.4820759666220703
112022101,0.407253125
220100110,0.45125
120002101,0.5
120002121,0.5
120012121,1
202001010,0.4951187952022496
202011010,0.475
202101010,0.475
021122001,0.5
101200000,0.50125
101200002,0.525
112010200,0.50125
112010202,0.525
012002011,0.50125
012002211,0.525
002201112,0.5
112122001,0.4286875
021001012,0.5
021001212,0.5
010001020,0.5
010001022,0.5
010101022,0.5
012101022,0.525
012111022,1
021200010,0.5000617101388553
212001010,0.4833350843594186
212201010,0.525
010012000,0.500003125
010012020,0.5000625
010012021,0.50125
010012221,0.525
110012221,1
202101021,0.525
201002010,0.500121875
201022110,0.525
122001112,0.5
212121010,0.3675459453125
212121012,0
020112010,0.499940625
220112010,0.49881250000000005
220112110,0.475
222112110,0
011012221,0.5
011212221,0.525
111212221,1
011221120,0.5024375
011221122,0.525
000212110,0.5
002212110,0.5
102212110,0.475
110020201,0.475
121210210,0.5
010021020,0.5000780511552404
011200021,0.50125
011200221,0.525
011201221,1
100102012,0.475
101002012,0.507493739311823
212000010,0.525
110122212,0.525
100112200,0.4999375
100112202,0.49875
110112202,0.475
112112202,0
102001000,0.49999972573565155
112122010,0.475
121002012,0.5309142368081953
121002112,0.6143908936776578
101202012,0.5713125000000001
111202012,1
002012011,0.5024375
112202001,0.5
112202011,0.475
112222011,0
110112222,0
221010012,0.5713125000000001
021100012,0.49977936345580265
121000012,0.5
121201212,0.5
011221212,0.5487500000000001
102122101,1
112002100,0.475
122100012,0.525
202110012,0.525
212002110,0.525
212002111,1
111022102,1
002211000,0.5003046034179687
012211020,0.5000625
012211021,0.50125
221102100,0.525
221102101,0.50125
221122101,0.5487500000000001
101102200,0.5022087499999999
101102202,0.525
111102202,1
201210010,0.45125
102002010,0.5010425738085938
102022011,0.5487500000000001
221200110,0.525
102202011,0.5713125000000001
102202111,1
112012000,0.475
211221120,0.525
220101010,0.475
122120110,1
112012200,0.525
101120221,0.475
210220101,0.525
210220111,1
102102000,0.5487500000000001
200101102,0.475
212120010,0.4975625
212120110,0.475
022011000,0.5713125000000001
210122110,0.475
120210120,0.525
112102000,0.475
002201011,0.49947734375
002201211,0.49411875
012201211,0.45125
221100010,0.49989274622312496
221100012,0.50048582296875
221101012,0.475
101000212,0.5
122102010,0.525
122102110,1
101221000,0.5
101221200,0.525
202100112,0.49875
202101112,0.475
212200110,0.525
201220110,0.525
220121010,0.49304703125000005
220121011,0.45125
222121011,0
201122121,0.5
011000212,0.5068993828125
011200212,0.5487500000000001
001012020,0.525
210002110,0.5024375
210002112,0.525
210012112,1
201210000,0.525
001021200,0.525
021122101,0.5
221110012,0.51521338203125
122021110,0.5432666726440987
120102000,0.525
001202211,0.49530625
011202211,0.45125
020120001,0.5
101102220,0.525
111102220,1
022101201,0.525
120122001,0.525
120122101,1
202011000,0.525
210022110,0.525
220121110,0.45125
220001110,0.475
220001112,0.5
120221100,0.5
120221101,0.5
102211000,0.5
121210000,0.50125
121210020,0.525
121210021,1
101202211,0.475
211200100,0.5030961015625
211200102,0.525
211210102,1
221121010,0.475
212200011,0.525
212200111,1
001201000,0.5
001201002,0.5
001201012,0.5
021201012,0.5
021201112,0.5
011010220,0.475
020112100,0.50125
020112102,0.525
012211221,0.525
112211221,1
221210110,1
002012110,0.475
212002011,0.525
022001010,0.49898898088584204
022001110,0.475
100202100,0.5
100202101,0.475
220121001,0.525
221121001,1
121012210,0.5
211010200,0.5
121102200,0.50011875
121102201,0.5011875
121102221,0.525
122001010,0.5001245663467417
122001012,0.5000148641803285
210021001,0.50125
210021021,0.525
211000212,0.525
211200120,0.525
012211120,0.5
211202100,0.525
211212100,1
201202110,0.525
201202111,1
110122000,0.5024375
221210010,0.525
102220011,0.5487500000000001
022101112,0.475
220021101,0.525
211220100,0.49875
211220101,0.475
122201010,0.50017828125
122201011,0.503565625
211220110,0.475
211220112,0
212020101,0.525
221120101,0.475
020011200,0.525
122001210,0.5003311351367188
122011210,0.506622702734375
112122000,0.525
221120100,0.5
221120110,0.5
212221011,0.525
212221111,1
120120010,0.50125
120120012,0.5487500000000001
122211000,0.525
122211010,0.5
221100210,0.5
010021200,0.499385921875
010021201,0.475
100200120,0.5
100200121,0.5
100220121,0.5
101220121,0.5
011021200,0.50463734375
011221200,0.525
210102112,0.475
121010020,0.5
011021202,0.525
011021220,0.525
121202101,0.475
121222101,0
120100000,0.50125
120100002,0.525
211010220,0.5
211011220,0.475
211011222,0
000201012,0.5000001339648438
210221010,0.49875
210221110,0.475
012211200,0.525
012211210,1
012011200,0.50125
102021000,0.5000625
102021100,0.50125
210102211,0.5
011102212,0.503625
211102212,0.5487500000000001
020211000,0.5001221499804688
120211020,0.525
000120201,0.5001190271532715
021120201,0.525
021121201,1
020001210,0.49999792681115224
012202011,0.525
012202111,1
220011000,0.525
220001011,0.475
211012021,0.5
211012221,0.5
012122110,0.45125
020112120,0.525
021112120,1
021102012,0.5000625
002201010,0.5
002201110,0.5
201021000,0.525
122021010,0.5021633336322049
010100200,0.49997249208320926
002101000,0.50125
002101002,0.525
211021200,0.525
102021120,0.525
102121120,1
221112100,1
011200012,0.5
011202012,0.5
011202112,0.5
121220110,0.475
211221010,0.475
012001000,0.49996345887228916
210202110,0.525
020101210,0.4999585362230444
122211001,1
000121020,0.49999390625
010121020,0.499878125
110121022,0.475
110211202,0.475
211001002,0.475
